rs2412531,rs4924481
rs11632061,rs2412531
rs2412531,rs4923876
rs2412531,rs16970851
rs2959536,rs2412531
rs1869302,rs2412531
rs745960,rs17206303
rs745960,rs17206282
rs745961,rs745960
rs745960,rs11084679
rs11070275,rs2412531
rs6492947,rs2412531
rs1792666,rs1792684
rs2184157,rs6061457
rs6902650,rs2274578
rs4925355,rs2184157
rs1276289,rs1276286
rs1276286,rs2846701
rs3809972,rs12103986
rs3809973,rs3809972
rs3809972,rs3809971
rs1487324,rs1352259
rs1445111,rs3213930
rs1056837,rs1056836
rs6808,rs2812
rs1276286,rs2846723
rs187034,rs349699
rs349704,rs349699
rs349700,rs349699
rs6808,rs6504218
rs6808,rs9303470
rs3091929,rs1487324
rs349703,rs349699
rs4780917,rs11645643
rs2243378,rs765516
rs2425700,rs1487324
rs11129270,rs3213930
rs2370946,rs3213930
rs2855658,rs1056836
rs1051344,rs3763978
rs1051344,rs1051334
rs2279665,rs7302060
rs1122800,rs1050382
rs9853624,rs267239
rs349699,rs349698
rs924914,rs12481
rs7236563,rs3809972
rs3794153,rs905290
rs2243378,rs9372480
rs309557,rs160278
rs160279,rs160278
rs13066873,rs267239
rs1487324,rs1487318
rs309559,rs160278
rs6032346,rs1487324
rs11951461,rs1050674
rs2243379,rs2243378
rs7550056,rs668556
rs1050674,rs11740697
rs1122800,rs9303470
rs1122800,rs2812
rs1122800,rs6504218
rs1321172,rs494735
rs14139,rs4082413
rs1050382,rs6808
rs7326,rs4082413
rs6065836,rs1487324
rs2184161,rs2184157
rs4082413,rs1054426
rs2243378,rs9489152
rs1016752,rs7622660
rs2279665,rs11171852
rs2412531,rs1453183
rs1726866,rs713598
