SNP1#,SNP2#,SNP1,SNP2,InteractionTEAM,Gene1,Gene2
164892,108334,rs17435959_C,rs17142011_G,174.999,MMP10,AUTS2
220092,167964,rs6355_G,rs10894239_A,174.841,SLC6A4,NONE
220092,217671,rs6355_G,rs8078195_C,174.094,SLC6A4,METTL16
251169,108334,rs2072193_C,rs17142011_G,172.801,PLA2G3,AUTS2
108334,146607,rs17142011_G,rs3858250_C,172.613,AUTS2,NONE
220092,108334,rs6355_G,rs17142011_G,172.507,SLC6A4,AUTS2
72369,4126,rs11133892_A,rs3795345_C,172.313,BASP1,"EXO5,LOC105378672"
92857,72369,rs35523808_A,rs11133892_A,172.246,COL12A1,BASP1
164892,217671,rs17435959_C,rs8078195_C,171.577,MMP10,METTL16
212401,108334,rs1876941_G,rs17142011_G,171.569,FTO,AUTS2
251169,178689,rs2072193_C,rs7973736_T,171.445,PLA2G3,NONE
220092,72369,rs6355_G,rs11133892_A,171.148,SLC6A4,BASP1
251169,72369,rs2072193_C,rs11133892_A,171.141,PLA2G3,BASP1
164892,70327,rs17435959_C,rs13160308_T,171.042,MMP10,LOC100506688
108334,4126,rs17142011_G,rs3795345_C,170.881,AUTS2,"EXO5,LOC105378672"
92845,220092,rs7743423_C,rs6355_G,170.751,NONE,SLC6A4
108334,45335,rs17142011_G,rs8179164_A,170.583,AUTS2,"RHOA,GPX1"
224347,4126,rs690993_A,rs3795345_C,170.306,"DNAH17,DNAH17-AS1","EXO5,LOC105378672"
52779,70324,rs1231520_G,rs4975533_G,169.999,MED12L,LOC100506688
243208,4126,rs1413145_A,rs3795345_C,169.681,SULF2,"EXO5,LOC105378672"
214144,108334,rs35874850_C,rs17142011_G,169.503,FA2H,AUTS2
49466,108334,rs1463425_G,rs17142011_G,169.34,HHLA2,AUTS2
108334,81353,rs17142011_G,rs164503_G,169.149,AUTS2,NONE
251169,137831,rs2072193_C,rs10283455_T,168.998,PLA2G3,TGFBR1
72369,45335,rs11133892_A,rs8179164_A,168.917,BASP1,"RHOA,GPX1"
220092,217673,rs6355_G,rs4061029_G,168.906,SLC6A4,NONE
243630,220092,rs932502_C,rs6355_G,168.883,NONE,SLC6A4
108334,135065,rs17142011_G,rs25696_T,168.539,AUTS2,CEMIP2
92857,224347,rs35523808_A,rs690993_A,168.487,COL12A1,"DNAH17,DNAH17-AS1"
251169,88651,rs2072193_C,rs4510658_A,168.465,PLA2G3,NONE
81353,217671,rs164503_G,rs8078195_C,168.43,NONE,METTL16
12232,217671,rs2684881_T,rs8078195_C,168.425,HSD17B7,METTL16
214144,217671,rs35874850_C,rs8078195_C,168.399,FA2H,METTL16
220092,10190,rs6355_G,rs1348469_A,168.355,SLC6A4,KCND3
63611,217671,rs1154465_A,rs8078195_C,168.271,ADH7,METTL16
251169,137828,rs2072193_C,rs10739779_A,168.215,PLA2G3,TGFBR1
45335,98047,rs8179164_A,rs566661_G,168.21,"RHOA,GPX1",NONE
251169,238216,rs2072193_C,rs7253217_A,168.205,PLA2G3,ZNF667
183094,251169,rs1359311_C,rs2072193_C,168.136,ATP8A2,PLA2G3
89565,108334,rs1150723_A,rs17142011_G,168.131,PGBD1,AUTS2
251169,33507,rs2072193_C,rs6740895_C,168.124,PLA2G3,SCN2A
164892,72369,rs17435959_C,rs11133892_A,168.093,MMP10,BASP1
49466,217671,rs1463425_G,rs8078195_C,168.045,HHLA2,METTL16
251169,137838,rs2072193_C,rs385057_A,167.986,PLA2G3,NONE
251169,137829,rs2072193_C,rs1013186_A,167.982,PLA2G3,TGFBR1
52779,70327,rs1231520_G,rs13160308_T,167.947,MED12L,LOC100506688
220092,246470,rs6355_G,rs2826842_T,167.933,SLC6A4,NCAM2
212401,33507,rs1876941_G,rs6740895_C,167.862,FTO,SCN2A
247466,212401,rs2833678_T,rs1876941_G,167.844,NONE,FTO
45335,217671,rs8179164_A,rs8078195_C,167.812,"RHOA,GPX1",METTL16
12232,193407,rs2684881_T,rs2022738_T,167.798,HSD17B7,RALGAPA1
251169,137827,rs2072193_C,rs10760673_A,167.787,PLA2G3,TGFBR1
33507,220092,rs6740895_C,rs6355_G,167.745,SCN2A,SLC6A4
165734,108334,rs4986918_C,rs17142011_G,167.743,DRD2,AUTS2
29730,108334,rs2052819_G,rs17142011_G,167.743,NONE,AUTS2
160764,108334,rs2128135_C,rs17142011_G,167.743,NONE,AUTS2
126799,108334,rs3853255_C,rs17142011_G,167.743,"SQLE,LOC105375744",AUTS2
209083,108334,rs1362317_T,rs17142011_G,167.743,RBFOX1,AUTS2
204355,108334,rs1866318_G,rs17142011_G,167.743,SMAD3,AUTS2
58561,108334,rs3796640_C,rs17142011_G,167.743,PACRGL,AUTS2
196559,108334,rs2806050_A,rs17142011_G,167.743,LOC105370560,AUTS2
5145,108334,rs2274540_G,rs17142011_G,167.743,USP24,AUTS2
170296,108334,rs1673681_C,rs17142011_G,167.743,"YBX3,LOC112268104",AUTS2
241812,108334,rs35786592_C,rs17142011_G,167.743,KIF3B,AUTS2
184299,108334,rs551012_T,rs17142011_G,167.743,SMAD9,AUTS2
108334,45340,rs17142011_G,rs1996874_G,167.743,AUTS2,TCTA
108334,200855,rs17142011_G,rs11550873_G,167.743,AUTS2,"SCG5,ARHGAP11A-SCG5"
108334,174127,rs17142011_G,rs4617660_A,167.743,AUTS2,LARP4
108334,174138,rs17142011_G,rs2253376_C,167.743,AUTS2,DIP2B
108334,4314,rs17142011_G,rs642784_G,167.743,AUTS2,NONE
108334,146955,rs17142011_G,rs1219606_T,167.743,AUTS2,NONE
108334,135145,rs17142011_G,rs1049981_A,167.743,AUTS2,ALDH1A1
108334,143695,rs17142011_G,rs1547914_A,167.743,AUTS2,LOC105376398
220092,148351,rs6355_G,rs7906905_T,167.688,SLC6A4,ANK3
21575,108334,rs2102714_G,rs17142011_G,167.686,C2orf50,AUTS2
92845,230003,rs7743423_C,rs3809975_G,167.566,NONE,ALPK2
251169,99238,rs2072193_C,rs6557389_T,167.562,PLA2G3,NONE
182252,63611,rs7323752_A,rs1154465_A,167.535,LOC105370102,ADH7
92845,251169,rs7743423_C,rs2072193_C,167.427,NONE,PLA2G3
220092,180100,rs6355_G,rs12815506_A,167.368,SLC6A4,FBXW8
72369,2900,rs11133892_A,rs8876_G,167.345,BASP1,"RHCE,TMEM50A"
230003,108334,rs3809975_G,rs17142011_G,167.319,ALPK2,AUTS2
218676,251169,rs11870073_A,rs2072193_C,167.296,STX8,PLA2G3
131420,4126,rs10514822_T,rs3795345_C,167.275,NONE,"EXO5,LOC105378672"
43343,4126,rs7628773_A,rs3795345_C,167.257,NONE,"EXO5,LOC105378672"
52779,108334,rs1231520_G,rs17142011_G,167.181,MED12L,AUTS2
164892,70324,rs17435959_C,rs4975533_G,167.15,MMP10,LOC100506688
188345,220092,rs1604861_C,rs6355_G,166.979,LOC107984621,SLC6A4
164892,217673,rs17435959_C,rs4061029_G,166.927,MMP10,NONE
12232,108334,rs2684881_T,rs17142011_G,166.896,HSD17B7,AUTS2
246732,251169,rs4816958_T,rs2072193_C,166.877,LINC01684,PLA2G3
220092,53111,rs6355_G,rs1685748_A,166.861,SLC6A4,NONE
180100,45335,rs12815506_A,rs8179164_A,166.833,FBXW8,"RHOA,GPX1"
89565,217671,rs1150723_A,rs8078195_C,166.83,PGBD1,METTL16
164892,98571,rs17435959_C,rs6928831_G,166.822,MMP10,LOC105378054
239356,81353,rs6053034_T,rs164503_G,166.808,NONE,NONE
220092,66872,rs6355_G,rs1595625_A,166.6,SLC6A4,LOC100419170
251169,224347,rs2072193_C,rs690993_A,166.599,PLA2G3,"DNAH17,DNAH17-AS1"
58521,251169,rs10938796_A,rs2072193_C,166.548,SLIT2,PLA2G3
251169,137833,rs2072193_C,rs868_G,166.528,PLA2G3,TGFBR1
