Top SNPs,
243208,rs1413145
243630,rs932502
92857,rs35523808
214144,rs35874850
183094,rs1359311
49466,rs1463425
247466,rs2833678
165734,rs4986918
29730,rs2052819
160764,rs2128135
126799,rs3853255
209083,rs1362317
204355,rs1866318
58561,rs3796640
196559,rs2806050
5145,rs2274540
170296,rs1673681
241812,rs35786592
184299,rs551012
21575,rs2102714
182252,rs7323752
92845,rs7743423
218676,rs11870073
131420,rs10514822
43343,rs7628773
52779,rs1231520
188345,rs1604861
12232,rs2684881
246732,rs4816958
89565,rs1150723
164892,rs17435959
239356,rs6053034
58521,rs10938796
167964,rs10894239
146607,rs3858250
178689,rs7973736
137831,rs10283455
135065,rs25696
88651,rs4510658
10190,rs1348469
137828,rs10739779
98047,rs566661
238216,rs7253217
72369,rs11133892
137838,rs385057
137829,rs1013186
70327,rs13160308
246470,rs2826842
33507,rs6740895
212401,rs1876941
193407,rs2022738
137827,rs10760673
45340,rs1996874
200855,rs11550873
174127,rs4617660
174138,rs2253376
4314,rs642784
146955,rs1219606
135145,rs1049981
143695,rs1547914
148351,rs7906905
230003,rs3809975
99238,rs6557389
63611,rs1154465
180100,rs12815506
2900,rs8876
4126,rs3795345
70324,rs4975533
220092,rs6355
217673,rs4061029
108334,rs17142011
53111,rs1685748
45335,rs8179164
217671,rs8078195
98571,rs6928831
81353,rs164503
66872,rs1595625
224347,rs690993
251169,rs2072193
137833,rs868
