SNP1#,SNP2#,SNP1,SNP2,InteractionBOOST,gene1,gene2
201980,201983,rs2412531_C,rs4924481_G,371.252928,CCDC32,CCDC32
201979,201980,rs11632061_A,rs2412531_C,368.552696,CCDC32,CCDC32
201980,201981,rs2412531_C,rs4923876_A,368.55269,CCDC32,CCDC32
201980,201987,rs2412531_C,rs16970851_G,363.570788,CCDC32,KNL1
90703,90707,rs6902650_A,rs2274578_C,361.063485,USP49,"BYSL,MED20"
201977,201980,rs2959536_T,rs2412531_C,354.606897,"CCDC32,MRPL42P5",CCDC32
164870,164871,rs1276289_A,rs1276286_A,353.199762,MMP27,MMP27
164871,164873,rs1276286_A,rs2846701_G,349.07511,MMP27,MMP27
201972,201980,rs6492947_C,rs2412531_C,348.679608,CHST14,CCDC32
164871,164872,rs1276286_A,rs2846723_C,347.842409,MMP27,MMP27
55960,55961,rs924914_C,rs12481_T,347.392279,NONE,MB21D2
245303,245310,rs4925355_C,rs2184157_C,347.164026,MTG2,MTG2
228902,228904,rs1792666_T,rs1792684_C,346.17193,SMAD2,SMAD2
245310,245311,rs2184157_C,rs6061457_C,345.60705,MTG2,MTG2
222747,222752,rs6808_G,rs6504218_A,345.079567,PECAM1,PECAM1
230005,230006,rs3809972_C,rs3809971_G,344.365744,ALPK2,ALPK2
174802,174804,rs2279665_C,rs7302060_C,344.142053,TIMELESS,TIMELESS
222747,222750,rs6808_G,rs9303470_G,343.358391,PECAM1,PECAM1
201976,201980,rs1869302_A,rs2412531_C,343.256934,NONE,CCDC32
172726,172728,rs7326_T,rs4082413_C,342.953179,IPO8,IPO8
245306,245310,rs1739591_G,rs2184157_C,342.673671,MTG2,MTG2
156953,156954,rs3794153_G,rs905290_G,342.519437,DENND2B,DENND2B
45159,45160,rs267218_G,rs267239_C,342.015961,LIMD1,LIMD1
24165,24166,rs1056837_T,rs1056836_C,341.887606,CYP1B1,CYP1B1
245309,245310,rs2184161_T,rs2184157_C,340.655946,MTG2,MTG2
76591,76596,rs11951461_A,rs1050674_G,339.845843,SCAMP1,LHFPL2
222747,222748,rs6808_G,rs2812_A,339.689493,PECAM1,PECAM1
201980,201986,rs2412531_C,rs1453183_T,339.350574,CCDC32,RPUSD2
24164,24166,rs2855658_A,rs1056836_C,338.458188,"CYP1B1,RMDN2",CYP1B1
242906,242907,rs1487324_T,rs1352259_G,337.625288,"WFDC10A,WFDC9",NONE
222746,222747,rs1050382_C,rs6808_G,337.250414,PECAM1,PECAM1
95884,95887,rs2243378_A,rs9489152_A,336.615395,ROS1,ROS1
76596,76597,rs1050674_G,rs11740697_T,336.531558,LHFPL2,LHFPL2
77123,77127,rs309559_C,rs160278_T,335.808533,"VCAN,VCAN-AS1","VCAN,VCAN-AS1"
230005,230007,rs3809972_C,rs12103986_A,335.409983,ALPK2,ALPK2
201974,201980,rs11070275_C,rs2412531_C,335.40482,NONE,CCDC32
230004,230005,rs3809973_A,rs3809972_C,335.374782,ALPK2,ALPK2
95884,95885,rs2243378_A,rs765516_T,335.158177,ROS1,ROS1
172728,172732,rs4082413_C,rs1054426_T,334.419287,IPO8,IPO8
172727,172728,rs14139_T,rs4082413_C,334.351725,IPO8,IPO8
45158,45160,rs9853624_A,rs267239_C,333.99944,NONE,LIMD1
230001,230005,rs7236563_C,rs3809972_C,333.903369,ALPK2,ALPK2
228902,228908,rs1792666_T,rs1792670_G,333.318643,SMAD2,SMAD2
228902,228910,rs1792666_T,rs12968107_C,332.978326,SMAD2,SMAD2
222744,222746,rs1122800_C,rs1050382_C,332.305641,NONE,PECAM1
242897,242906,rs3091929_A,rs1487324_T,332.060706,NONE,"WFDC10A,WFDC9"
43590,43595,rs1445111_G,rs3213930_G,331.798763,NEK10,NEK10
242898,242906,rs2425700_G,rs1487324_T,331.709851,NONE,"WFDC10A,WFDC9"
235420,235422,rs745960_A,rs17206303_A,331.702006,CEP89,CEP89
102040,102043,rs836559_C,rs836534_T,331.670463,DAGLB,DAGLB
77125,77127,rs309557_G,rs160278_T,331.509767,"VCAN,VCAN-AS1","VCAN,VCAN-AS1"
77126,77127,rs160279_C,rs160278_T,331.509767,"VCAN,VCAN-AS1","VCAN,VCAN-AS1"
228902,228906,rs1792666_T,rs1792675_C,330.818261,SMAD2,SMAD2
228900,228902,rs1981_T,rs1792666_T,330.798352,SMAD2,SMAD2
228902,228909,rs1792666_T,rs1539872_C,330.23396,SMAD2,SMAD2
176142,176146,rs1051344_C,rs3763978_G,330.182053,TSPAN8,TSPAN8
242906,242909,rs1487324_T,rs1487318_A,329.499089,"WFDC10A,WFDC9",WFDC11
235419,235420,rs745961_C,rs745960_A,329.041086,CEP89,CEP89
176142,176143,rs1051344_C,rs1051334_G,328.981142,TSPAN8,TSPAN8
222744,222750,rs1122800_C,rs9303470_G,328.381377,NONE,PECAM1
235420,235421,rs745960_A,rs17206282_C,328.332557,CEP89,CEP89
222744,222748,rs1122800_C,rs2812_A,328.091805,NONE,PECAM1
242896,242906,rs6032346_A,rs1487324_T,327.904254,WFDC8,"WFDC10A,WFDC9"
235420,235424,rs745960_A,rs11084679_A,327.886172,CEP89,CEP89
242894,242906,rs6065836_G,rs1487324_T,327.791576,WFDC8,"WFDC10A,WFDC9"
222744,222752,rs1122800_C,rs6504218_A,327.336686,NONE,PECAM1
95884,95888,rs2243378_A,rs9372480_T,326.387847,ROS1,NONE
6305,6306,rs6664618_T,rs1321172_C,324.853126,PDE4B,PDE4B
43592,43595,rs11129270_A,rs3213930_G,324.11534,"NEK10,LOC105377004",NEK10
43593,43595,rs2370946_C,rs3213930_G,324.11534,"NEK10,LOC105377004",NEK10
5897,5899,rs7520924_C,rs2498982_G,323.822391,"PATJ,LOC107984965",PATJ
6306,6312,rs1321172_C,rs494735_A,323.658979,PDE4B,PDE4B
95883,95884,rs2243379_T,rs2243378_A,322.464548,ROS1,ROS1
81639,81643,rs349704_C,rs349699_G,322.050048,KCTD16,KCTD16
4013,4027,rs7550056_C,rs668556_G,321.952434,MACF1,MACF1
54916,54925,rs1016752_G,rs7622660_C,321.049499,ABCC5,HTR3D
81642,81643,rs349700_C,rs349699_G,320.182432,KCTD16,KCTD16
228902,228911,rs1792666_T,rs3813068_T,319.879313,SMAD2,SMAD2
174802,174805,rs2279665_C,rs11171852_C,319.795469,TIMELESS,TIMELESS
43595,43598,rs3213930_G,rs4973768_T,318.62354,NEK10,SLC4A7
81643,81644,rs349699_G,rs349698_G,318.558772,KCTD16,KCTD16
81638,81643,rs187034_A,rs349699_G,318.053057,KCTD16,KCTD16
117685,117686,rs867858_G,rs12825_G,316.874444,GATA4,GATA4
81640,81643,rs349703_T,rs349699_G,316.641142,KCTD16,KCTD16
208797,208798,rs841220_A,rs841218_C,314.887126,"MGRN1,NUDT16L1",NUDT16L1
77127,77130,rs160278_T,rs2290672_T,314.154994,"VCAN,VCAN-AS1","VCAN,VCAN-AS1"
6306,6309,rs1321172_C,rs519044_G,313.780657,PDE4B,PDE4B
45157,45160,rs13066873_T,rs267239_C,313.662229,NONE,LIMD1
95796,95797,rs2232470_G,rs10484838_G,313.596856,"TSPYL4,DSE","TSPYL1, DSE"
113463,113464,rs1726866_C,rs713598_G,313.291996,TAS2R38,TAS2R38
242913,242916,rs6032449_T,rs232262_G,313.116502,"WFDC13,WFDC10B","WFDC3, SPINT4"
209876,209877,rs4780917_G,rs11645643_A,312.019281,ATF7IP2,ATF7IP2
216173,216176,rs247897_T,rs247893_T,311.898127,ATP2C2,ATP2C2
222747,222751,rs6808_G,rs1108591_C,311.889302,PECAM1,PECAM1
117686,117688,rs12825_G,rs12458_T,311.647184,GATA4,"GATA4,C8orf49"
164865,164871,rs1276278_C,rs1276286_A,310.697372,LOC101928477,MMP27
90707,90710,rs2274578_C,rs6913232_T,310.271712,"BYSL,MED20",CCND3
242915,242916,rs6094202_C,rs232262_G,308.534777,"WFDC3,WFDC13,WFDC10B","WFDC3, SPINT4"
77127,77128,rs160278_T,rs160277_A,307.880428,"VCAN,VCAN-AS1","VCAN,VCAN-AS1"
77124,77127,rs188703_T,rs160278_T,307.811251,"VCAN,VCAN-AS1","VCAN,VCAN-AS1"
