SNP1,SNP2,STAT,Gene1,Gene2
rs2412531,rs4924481,602.3,CCDC32,CCDC32
rs11632061,rs2412531,598.6,CCDC32,CCDC32
rs2412531,rs4923876,598.6,CCDC32,CCDC32
rs2412531,rs16970851,581,CCDC32,KNL1
rs2959536,rs2412531,554,"CCDC32,MRPL42P5",CCDC32
rs1869302,rs2412531,537.4,NONE,CCDC32
rs745960,rs17206303,534.2,CEP89,CEP89
rs745960,rs17206282,532.1,CEP89,CEP89
rs745961,rs745960,530.7,CEP89,CEP89
rs745960,rs11084679,528.8,CEP89,CEP89
rs11070275,rs2412531,512.5,NONE,CCDC32
rs6492947,rs2412531,510.2,CHST14,CCDC32
rs1003250,rs584196,507.6,KCTD20,KCTD20
rs1792666,rs1792684,505.4,SMAD2,SMAD2
rs2184157,rs6061457,502.7,MTG2,MTG2
rs6902650,rs2274578,502.6,USP49,"BYSL, MED20"
rs4925355,rs2184157,502.5,MTG2,MTG2
rs1276289,rs1276286,498.3,MMP27,MMP27
rs1276286,rs2846701,497.8,MMP27,MMP27
rs3809972,rs12103986,495.6,ALPK2,ALPK2
rs3809973,rs3809972,494.8,ALPK2,ALPK2
rs3809972,rs3809971,493.8,ALPK2,ALPK2
rs584196,rs632943,493.5,KCTD20,STK38
rs10888394,rs2228099,492.7,NONE,ARNT
rs1487324,rs1352259,492.2,"WFDC10A, WFDC9",NONE
rs1445111,rs3213930,489.2,NEK10,NEK10
rs1056837,rs1056836,489.1,CYP1B1,CYP1B1
rs6808,rs2812,487.9,PECAM1,PECAM1
rs1276286,rs2846723,487.8,MMP27,MMP27
rs1868102,rs2113563,486.6,NONE,NONE
rs187034,rs349699,486.3,KCTD16,KCTD16
rs349704,rs349699,486,KCTD16,KCTD16
rs349700,rs349699,485.7,KCTD16,KCTD16
rs6808,rs6504218,485.1,PECAM1,PECAM1
rs6808,rs9303470,485,PECAM1,PECAM1
rs3091929,rs1487324,483.7,NONE,"WFDC10A, WFDC9"
rs349703,rs349699,483.6,KCTD16,KCTD16
rs4780917,rs11645643,483.3,ATF7IP2,ATF7IP2
rs2243378,rs765516,482.3,ROS1,ROS1
rs11653310,rs10068,481.7,SNHG30,PEX12
rs2425700,rs1487324,481.6,NONE,"WFDC10A, WFDC9"
rs11129270,rs3213930,480.1,"NEK10,LOC105377004",NEK10
rs2370946,rs3213930,480.1,"NEK10,LOC105377004",NEK10
rs2855658,rs1056836,478.1,"CYP1B1,RMDN2",CYP1B1
rs1051344,rs3763978,477.5,TSPAN8,TSPAN8
rs1051344,rs1051334,474.6,TSPAN8,TSPAN8
rs2279665,rs7302060,472.4,TIMELESS,TIMELESS
rs1122800,rs1050382,472.2,NONE,PECAM1
rs9853624,rs267239,471.9,NONE,LIMD1
rs11080357,rs10068,471,"SNORD7,SNHG30",PEX12
rs10493703,rs12079242,469,ADGRL2,ADGRL2
rs349699,rs349698,467.4,KCTD16,KCTD16
rs924914,rs12481,466.9,NONE,MB21D2
rs7236563,rs3809972,465.6,ALPK2,ALPK2
rs3794153,rs905290,463.3,DENND2B,DENND2B
rs1468542,rs1019129,461.7,SACM1L,SACM1L
rs330905,rs9949,461.6,PPP1R3B ,PPP1R3B
rs13193217,rs236445,459.1,CPNE5,CPNE5
rs2243378,rs9372480,458.3,ROS1,NONE
rs309557,rs160278,456.2,"VCAN,VCAN-AS1","VCAN, VCAN-AS1"
rs160279,rs160278,456.2,"VCAN,VCAN-AS1","VCAN, VCAN-AS1"
rs236445,rs916295,455.5,CPNE5,CPNE5
rs13066873,rs267239,455.2,NONE,LIMD1
rs1129463,rs3177567,454.2,GAS7,GAS7
rs2673062,rs1468542,453.6,SACM1L,SACM1L
rs1487324,rs1487318,452.3,"WFDC10A, WFDC9",WFDC11
rs309559,rs160278,452.1,"VCAN,VCAN-AS1","VCAN, VCAN-AS1"
rs4668,rs3177567,451.9,GAS7,GAS7
rs8069970,rs4985610,451.6,NONE,NONE
rs6032346,rs1487324,451.6,WFDC8,"WFDC10A, WFDC9"
rs2853699,rs2853717,450.1,CCR8,NONE
rs11951461,rs1050674,450,SCAMP1,LHFPL2
rs2243379,rs2243378,449.1,ROS1,ROS1
rs12107527,rs2853699,447.7,CCR8,CCR8
rs7550056,rs668556,447,MACF1,MACF1
rs1047339,rs3177567,446.5,GAS7,GAS7
rs1050674,rs11740697,445.1,LHFPL2,LHFPL2
rs1122800,rs9303470,445.1,NONE,PECAM1
rs1122800,rs2812,444.8,NONE,PECAM1
rs902,rs913059,444.4,TGFBR3,TGFBR3
rs1122800,rs6504218,444.4,NONE,PECAM1
rs1321172,rs494735,444.1,PDE4B,PDE4B
rs14139,rs4082413,443.8,IPO8,IPO8
rs3177567,rs2270121,443.3,GAS7,GAS7
rs1050382,rs6808,442.8,PECAM1,PECAM1
rs236445,rs10947628,442.7,CPNE5,CPNE5
rs10493703,rs17431604,442.5,ADGRL2,ADGRL2
rs7326,rs4082413,442.4,IPO8,IPO8
rs6065836,rs1487324,440.7,WFDC8,"WFDC10A, WFDC9"
rs2184161,rs2184157,440.3,MTG2,MTG2
rs4082413,rs1054426,439.5,IPO8,IPO8
rs4140388,rs4148883,438.7,"ADH4,LOC100507053","ADH4, LOC100507053"
rs2243378,rs9489152,438.1,ROS1,ROS1
rs1016752,rs7622660,437.8,ABCC5,HTR3D
rs2279665,rs11171852,437.8,TIMELESS,TIMELESS
rs2412531,rs1453183,435.8,CCDC32,RPUSD2
rs12153,rs1060106,435.4,CLDN23,CLDN23
rs1044856,rs1535900,433.4,EPSTI1,EPSTI1
rs330905,rs330919,431,PPP1R3B ,PPP1R3B
rs1726866,rs713598,430.9,TAS2R38,TAS2R38
